Player,surface,AvgFirstServe,AvgSecondServe,FirstServeIn,L,LoseRatio,MatchCount,RatioPtsLess4,ServeFirstServePointsWon,ServeSecondServePointsWon,Total,W,WinRatio
Adrian Mannarino,All,173.7,138.9,63.0,187.0,0.27994011976047906,40.0,70.0,68.4,56.2,668.0,481.0,72.0
Albert Ramos,All,170.6,141.7,63.2,119.0,0.23196881091617932,29.0,69.9,68.7,60.4,513.0,394.0,76.8
Alexandr Dolgopolov,All,184.6,151.6,58.4,135.0,0.20516717325227962,36.0,72.9,74.3,57.8,658.0,523.0,79.5
Andreas Seppi,All,183.2,145.8,57.3,192.0,0.2100656455142232,48.0,71.1,75.3,56.1,914.0,722.0,79.0
Andy Murray,All,182.4,138.4,60.6,427.0,0.16211085801063022,154.0,78.1,75.8,58.2,2634.0,2207.0,83.8
Benoit Paire,All,185.3,147.6,53.4,230.0,0.26436781609195403,47.0,66.6,72.5,55.5,870.0,640.0,73.6
Bernard Tomic,All,178.8,145.9,67.0,203.0,0.17636837532580366,62.0,75.8,73.4,53.2,1151.0,948.0,82.4
David Ferrer,All,177.4,151.6,62.9,347.0,0.19171270718232045,109.0,74.2,70.9,59.2,1810.0,1463.0,80.8
David Goffin,All,176.7,143.6,56.4,193.0,0.2130242825607064,54.0,78.1,74.5,59.4,906.0,713.0,78.7
Denis Istomin,All,183.5,144.5,65.5,151.0,0.2298325722983257,36.0,73.7,70.3,55.8,657.0,506.0,77.0
Dominic Thiem,All,184.2,154.4,58.4,153.0,0.16906077348066298,51.0,74.1,75.2,59.3,905.0,752.0,83.1
Donald Young,All,171.0,141.6,62.2,193.0,0.3048973143759874,36.0,66.9,67.3,54.1,633.0,440.0,69.5
Ernests Gulbis,All,201.7,168.9,59.2,115.0,0.18578352180936994,35.0,70.9,76.1,61.0,619.0,504.0,81.4
Fabio Fognini,All,171.7,138.4,58.4,235.0,0.26082130965593786,51.0,67.4,70.3,58.6,901.0,666.0,73.9
Feliciano Lopez,All,195.3,163.9,57.9,204.0,0.19172932330827067,59.0,71.6,75.7,56.5,1064.0,860.0,80.8
Fernando Verdasco,All,177.8,147.2,65.3,216.0,0.18588640275387264,60.0,73.1,71.4,58.7,1162.0,946.0,81.4
Florian Mayer,All,183.4,139.9,62.8,106.0,0.25790754257907544,27.0,73.2,68.3,52.3,411.0,305.0,74.2
Gael Monfils,All,184.9,155.2,64.0,267.0,0.18895966029723993,77.0,75.9,74.3,59.7,1413.0,1146.0,81.1
Gilles Muller,All,183.6,157.2,61.3,87.0,0.14238952536824878,31.0,75.7,80.7,57.7,611.0,524.0,85.8
Gilles Simon,All,170.9,135.1,58.0,301.0,0.22035139092240116,74.0,74.6,71.7,59.0,1366.0,1065.0,78.0
Grigor Dimitrov,All,192.1,152.8,62.8,190.0,0.17040358744394618,64.0,74.9,77.7,59.4,1115.0,925.0,83.0
Guillermo Garcia Lopez,All,180.4,140.5,54.7,148.0,0.23909531502423265,35.0,63.9,72.2,55.2,619.0,471.0,76.1
Ivo Karlovic,All,201.4,185.1,66.8,62.0,0.09323308270676692,32.0,76.7,82.2,63.0,665.0,603.0,90.7
Jack Sock,All,185.9,161.9,58.4,144.0,0.18556701030927836,44.0,73.6,74.9,61.6,776.0,632.0,81.4
Janko Tipsarevic,All,184.2,145.4,52.9,124.0,0.18535127055306427,39.0,71.2,64.6,51.5,669.0,545.0,81.5
Jeremy Chardy,All,191.7,158.7,63.0,187.0,0.21871345029239767,49.0,71.5,74.2,55.3,855.0,668.0,78.1
Jerzy Janowicz,All,194.1,158.1,61.0,123.0,0.18168389955686853,35.0,70.7,73.8,58.5,677.0,554.0,81.8
Jo Wilfried Tsonga,All,189.5,146.1,62.4,219.0,0.12166666666666667,103.0,77.8,80.2,58.7,1800.0,1581.0,87.8
Joao Sousa,All,179.6,145.0,64.2,121.0,0.2743764172335601,26.0,69.6,69.8,49.8,441.0,320.0,72.6
John Isner,All,201.2,175.1,70.2,133.0,0.07741559953434225,81.0,80.4,82.0,63.4,1718.0,1585.0,92.3
Juan Martin Del Potro,All,192.6,156.0,64.5,175.0,0.13910969793322733,73.0,81.0,78.3,58.9,1258.0,1083.0,86.1
Juan Monaco,All,166.3,144.5,73.1,130.0,0.2801724137931034,27.0,69.5,61.6,56.4,464.0,334.0,72.0
Julien Benneteau,All,185.6,152.3,61.7,159.0,0.22521246458923513,37.0,70.9,71.2,57.8,706.0,547.0,77.5
Kei Nishikori,All,175.1,141.1,60.9,300.0,0.18951358180669614,92.0,71.9,73.0,60.7,1583.0,1283.0,81.0
Kevin Anderson,All,198.4,169.4,64.9,190.0,0.13277428371767994,75.0,78.9,79.3,59.9,1431.0,1241.0,86.7
Kyle Edmund,All,184.4,148.8,58.8,86.0,0.2023529411764706,26.0,76.2,73.7,56.2,425.0,339.0,79.8
Leonardo Mayer,All,191.9,167.6,61.5,126.0,0.2198952879581152,33.0,69.9,72.2,59.0,573.0,447.0,78.0
Lleyton Hewitt,All,164.2,134.0,54.2,160.0,0.2472952086553323,32.0,72.8,69.1,55.6,647.0,487.0,75.3
Lucas Pouille,All,187.2,154.0,56.2,133.0,0.2159090909090909,32.0,71.1,72.6,56.3,616.0,483.0,78.4
Marcel Granollers,All,189.5,146.6,63.2,154.0,0.2682926829268293,34.0,67.5,69.2,56.0,574.0,420.0,73.2
Marcos Baghdatis,All,183.7,142.5,52.3,191.0,0.21364653243847875,51.0,76.5,74.5,55.6,894.0,703.0,78.6
Marin Cilic,All,192.0,151.2,57.9,235.0,0.14578163771712158,91.0,76.2,80.8,57.9,1612.0,1377.0,85.4
Mikhail Kukushkin,All,174.5,137.5,63.7,132.0,0.28509719222462204,26.0,70.8,67.6,53.0,463.0,331.0,71.5
Mikhail Youzhny,All,172.6,150.4,62.8,170.0,0.22941970310391363,42.0,69.7,65.3,52.7,741.0,571.0,77.1
Milos Raonic,All,200.0,170.0,64.8,166.0,0.0967930029154519,93.0,79.0,81.7,65.5,1715.0,1549.0,90.3
Nick Kyrgios,All,196.1,163.9,66.1,139.0,0.1499460625674218,50.0,79.2,75.2,61.5,927.0,788.0,85.0
Nicolas Almagro,All,189.1,153.5,57.2,149.0,0.16836158192090395,49.0,75.1,69.5,55.7,885.0,736.0,83.2
Nicolas Mahut,All,184.7,148.2,60.5,153.0,0.2541528239202658,36.0,67.7,69.9,52.8,602.0,449.0,74.6
Novak Djokovic,All,183.4,150.0,66.6,358.0,0.12264474134977732,181.0,79.9,75.7,63.8,2919.0,2561.0,87.7
Paolo Lorenzi,All,184.5,141.5,58.5,120.0,0.25263157894736843,27.0,71.7,72.2,54.4,475.0,355.0,74.7
Philipp Kohlschreiber,All,177.6,148.8,60.9,151.0,0.16167023554603854,55.0,74.5,73.8,60.2,934.0,783.0,83.8
Rafael Nadal,All,178.6,147.9,67.5,284.0,0.1342155009451796,132.0,79.5,73.8,64.9,2116.0,1832.0,86.6
Richard Gasquet,All,175.6,147.6,61.4,247.0,0.16080729166666666,93.0,75.5,74.1,57.9,1536.0,1289.0,83.9
Roberto Bautista Agut,All,171.4,145.4,67.4,165.0,0.2223719676549865,44.0,72.6,68.8,56.2,742.0,577.0,77.8
Robin Haase,All,184.8,152.9,60.5,146.0,0.25704225352112675,32.0,71.7,70.8,51.9,568.0,422.0,74.3
Roger Federer,All,186.2,156.9,64.6,249.0,0.10040322580645161,148.0,81.4,80.9,63.2,2480.0,2231.0,90.0
Ryan Harrison,All,193.5,164.8,55.9,133.0,0.258252427184466,29.0,71.2,73.1,53.1,515.0,382.0,74.2
Sam Querrey,All,197.4,153.1,59.5,168.0,0.14201183431952663,61.0,77.7,80.9,57.4,1183.0,1015.0,85.8
Santiago Giraldo,All,181.9,149.1,62.7,128.0,0.2800875273522976,26.0,62.6,69.3,50.2,457.0,329.0,72.0
Sergiy Stakhovsky,All,183.4,155.5,62.1,119.0,0.25591397849462366,28.0,68.5,71.9,55.3,465.0,346.0,74.4
Stanislas Wawrinka,All,188.6,153.5,57.9,292.0,0.13937947494033412,113.0,77.2,76.6,61.6,2095.0,1803.0,86.1
Steve Johnson,All,187.1,156.2,59.9,130.0,0.18309859154929578,37.0,73.5,73.7,57.0,710.0,580.0,81.7
Tomas Berdych,All,193.7,156.9,58.8,237.0,0.1314475873544093,108.0,78.3,79.1,58.5,1803.0,1566.0,86.9
Tommy Haas,All,171.6,152.8,63.6,96.0,0.2171945701357466,26.0,69.9,71.1,63.7,442.0,346.0,78.3
Tommy Robredo,All,170.0,147.1,66.5,114.0,0.18009478672985782,35.0,77.0,73.6,61.5,633.0,519.0,82.0
Viktor Troicki,All,186.7,146.4,61.2,169.0,0.21638924455825864,44.0,70.3,71.8,54.9,781.0,612.0,78.4
Adrian Mannarino,Clay,176.0,134.1,62.1,43.0,0.3359375,8.0,63.2,63.5,54.6,128.0,85.0,66.4
Adrian Mannarino,Grass,175.6,146.0,64.9,58.0,0.21722846441947566,16.0,72.7,70.8,57.2,267.0,209.0,78.3
Adrian Mannarino,Hard,172.5,137.0,60.7,86.0,0.315018315018315,16.0,69.5,67.8,55.5,273.0,187.0,68.5
Albert Ramos,Clay,170.6,141.7,63.6,48.0,0.2553191489361702,11.0,71.9,66.8,58.2,188.0,140.0,74.5
Albert Ramos,Grass,184.3,151.6,64.3,42.0,0.22702702702702704,11.0,68.7,69.8,61.7,185.0,143.0,77.3
Albert Ramos,Hard,184.3,151.6,59.9,29.0,0.20714285714285716,7.0,62.9,70.2,62.3,140.0,111.0,79.3
Alexandr Dolgopolov,Clay,184.3,151.6,59.9,14.0,0.14583333333333334,6.0,76.5,76.8,51.9,96.0,82.0,85.4
Alexandr Dolgopolov,Grass,186.5,154.9,61.5,32.0,0.16243654822335024,10.0,67.9,74.0,64.3,197.0,165.0,83.8
Alexandr Dolgopolov,Hard,178.9,141.6,54.7,89.0,0.24383561643835616,20.0,73.5,73.8,53.6,365.0,276.0,75.6
Andreas Seppi,Clay,183.9,144.3,54.9,53.0,0.26903553299492383,11.0,63.7,67.6,57.1,197.0,144.0,73.1
Andreas Seppi,Grass,182.6,148.2,60.6,36.0,0.18181818181818182,12.0,72.8,77.5,57.3,198.0,162.0,81.8
Andreas Seppi,Hard,183.2,143.1,56.1,103.0,0.19845857418111754,25.0,73.4,76.7,55.1,519.0,416.0,80.2
Andy Murray,Clay,182.3,138.3,59.2,133.0,0.21044303797468356,35.0,75.4,72.9,56.7,632.0,499.0,79.0
Andy Murray,Grass,182.1,139.4,63.9,76.0,0.10555555555555556,43.0,82.1,78.4,59.4,720.0,644.0,89.4
Andy Murray,Hard,182.6,137.3,59.4,218.0,0.17004680187207488,76.0,77.2,76.1,58.4,1282.0,1064.0,83.0
Benoit Paire,Clay,183.8,144.5,48.7,77.0,0.3276595744680851,13.0,63.0,66.9,54.1,235.0,158.0,67.2
Benoit Paire,Grass,187.4,153.6,56.5,58.0,0.21481481481481482,15.0,66.4,75.6,55.9,270.0,212.0,78.5
Benoit Paire,Hard,185.2,146.8,53.0,95.0,0.2602739726027397,19.0,69.4,72.5,55.9,365.0,270.0,74.0
Bernard Tomic,Clay,175.3,143.4,63.5,33.0,0.2462686567164179,8.0,71.4,67.5,51.4,134.0,101.0,75.4
Bernard Tomic,Grass,182.3,151.8,70.5,56.0,0.13725490196078433,21.0,75.8,73.4,58.2,408.0,352.0,86.3
Bernard Tomic,Hard,178.5,144.9,65.9,114.0,0.18719211822660098,33.0,77.2,75.5,50.4,609.0,495.0,81.3
David Ferrer,Clay,178.3,153.8,62.3,93.0,0.19787234042553192,30.0,77.0,72.9,59.3,470.0,377.0,80.2
David Ferrer,Grass,177.8,159.7,64.8,60.0,0.16042780748663102,22.0,70.3,69.0,58.0,374.0,314.0,84.0
David Ferrer,Hard,176.8,149.5,62.6,194.0,0.20082815734989648,57.0,75.4,70.1,59.6,966.0,772.0,79.9
David Goffin,Clay,178.6,144.7,56.6,59.0,0.21851851851851853,16.0,81.6,74.5,60.8,270.0,211.0,78.1
David Goffin,Grass,178.0,150.2,58.6,32.0,0.1553398058252427,13.0,78.0,78.0,62.2,206.0,174.0,84.5
David Goffin,Hard,173.9,139.0,55.3,102.0,0.2372093023255814,25.0,75.9,72.9,57.5,430.0,328.0,76.3
Denis Istomin,Clay,182.3,152.9,63.3,44.0,0.3333333333333333,9.0,69.7,65.5,57.6,132.0,88.0,66.7
Denis Istomin,Grass,184.3,151.6,66.6,38.0,0.1645021645021645,12.0,74.4,71.6,61.5,231.0,193.0,83.5
Denis Istomin,Hard,184.1,140.3,65.7,69.0,0.23469387755102042,15.0,75.0,71.8,48.2,294.0,225.0,76.5
Dominic Thiem,Clay,179.0,156.5,56.5,50.0,0.19083969465648856,16.0,71.0,74.0,59.8,262.0,212.0,80.9
Dominic Thiem,Grass,195.0,158.3,57.5,26.0,0.13756613756613756,10.0,78.1,77.9,61.1,189.0,163.0,86.2
Dominic Thiem,Hard,181.7,151.7,60.0,77.0,0.1696035242290749,25.0,74.9,74.9,58.2,454.0,377.0,83.0
Donald Young,Clay,172.7,138.5,61.3,31.0,0.2743362831858407,6.0,59.4,66.6,57.2,113.0,82.0,72.6
Donald Young,Grass,184.3,151.6,64.7,33.0,0.2727272727272727,7.0,66.5,70.4,48.8,121.0,88.0,72.7
Donald Young,Hard,170.6,142.3,61.3,129.0,0.3233082706766917,23.0,68.5,66.0,55.5,399.0,270.0,67.7
Ernests Gulbis,Clay,204.0,168.2,57.1,45.0,0.21844660194174756,13.0,62.2,74.4,62.8,206.0,161.0,78.2
Ernests Gulbis,Grass,198.4,170.1,61.8,44.0,0.16,15.0,74.0,76.6,58.8,275.0,231.0,84.0
Ernests Gulbis,Hard,184.3,151.6,57.6,26.0,0.18840579710144928,7.0,86.7,80.7,62.2,138.0,112.0,81.2
Fabio Fognini,Clay,169.0,141.5,60.7,67.0,0.24632352941176472,16.0,66.9,65.8,57.5,272.0,205.0,75.4
Fabio Fognini,Grass,184.3,151.6,60.2,64.0,0.23529411764705882,15.0,68.0,72.7,59.7,272.0,208.0,76.5
Fabio Fognini,Hard,172.3,137.6,55.0,104.0,0.2913165266106443,20.0,67.4,70.7,58.1,357.0,253.0,70.9
Feliciano Lopez,Clay,187.8,156.2,62.2,47.0,0.27167630057803466,11.0,71.2,70.4,49.1,173.0,126.0,72.8
Feliciano Lopez,Grass,197.9,170.4,58.5,44.0,0.13836477987421383,17.0,69.9,79.1,63.6,318.0,274.0,86.2
Feliciano Lopez,Hard,195.1,162.4,56.0,113.0,0.19720767888307156,31.0,73.3,75.7,55.2,573.0,460.0,80.3
Fernando Verdasco,Clay,168.9,142.0,72.6,62.0,0.19375,17.0,72.2,67.4,64.9,320.0,258.0,80.6
Fernando Verdasco,Grass,184.8,152.5,59.0,43.0,0.13522012578616352,15.0,74.4,77.3,60.9,318.0,275.0,86.5
Fernando Verdasco,Hard,181.7,148.8,63.0,111.0,0.21183206106870228,28.0,73.1,71.4,52.7,524.0,413.0,78.8
Florian Mayer,Clay,184.3,151.6,59.7,23.0,0.39655172413793105,4.0,63.2,57.3,44.3,58.0,35.0,60.3
Florian Mayer,Grass,183.1,139.0,64.2,32.0,0.19875776397515527,10.0,75.1,75.2,55.0,161.0,129.0,80.1
Florian Mayer,Hard,183.6,140.4,62.4,51.0,0.265625,13.0,75.2,62.0,53.4,192.0,141.0,73.4
Gael Monfils,Clay,183.0,153.5,67.9,79.0,0.21584699453551912,19.0,76.1,69.9,56.5,366.0,287.0,78.4
Gael Monfils,Grass,187.7,160.0,66.0,41.0,0.1443661971830986,14.0,78.4,76.6,60.0,284.0,243.0,85.6
Gael Monfils,Hard,184.3,153.3,61.5,147.0,0.1926605504587156,44.0,74.6,75.0,60.9,763.0,616.0,80.7
Gilles Muller,Clay,185.6,151.4,57.8,21.0,0.2625,4.0,65.5,73.4,52.6,80.0,59.0,73.8
Gilles Muller,Grass,180.9,158.9,64.2,28.0,0.0958904109589041,14.0,76.7,81.7,57.9,292.0,264.0,90.4
Gilles Muller,Hard,185.3,158.4,58.3,38.0,0.1589958158995816,13.0,75.5,82.0,59.4,239.0,201.0,84.1
Gilles Simon,Clay,164.7,134.9,53.7,104.0,0.2619647355163728,22.0,71.7,68.1,56.3,397.0,293.0,73.8
Gilles Simon,Grass,176.1,138.1,58.2,58.0,0.1676300578034682,20.0,76.4,74.6,59.4,346.0,288.0,83.2
Gilles Simon,Hard,174.5,133.9,60.6,139.0,0.2231139646869984,32.0,75.2,71.4,60.4,623.0,484.0,77.7
Grigor Dimitrov,Clay,187.4,157.6,59.2,37.0,0.22839506172839505,10.0,72.7,76.3,56.1,162.0,125.0,77.2
Grigor Dimitrov,Grass,195.0,156.0,64.5,45.0,0.1196808510638298,22.0,76.3,80.3,63.2,376.0,331.0,88.0
Grigor Dimitrov,Hard,189.4,147.4,62.3,108.0,0.18717504332755633,32.0,74.7,76.3,57.5,577.0,469.0,81.3
Guillermo Garcia Lopez,Clay,180.5,140.3,52.2,63.0,0.27631578947368424,13.0,67.0,68.6,54.6,228.0,165.0,72.4
Guillermo Garcia Lopez,Grass,184.3,151.6,60.2,24.0,0.22429906542056074,6.0,57.0,72.6,50.7,107.0,83.0,77.6
Guillermo Garcia Lopez,Hard,180.3,140.9,54.3,61.0,0.2147887323943662,16.0,64.5,75.1,57.9,284.0,223.0,78.5
Ivo Karlovic,Clay,201.8,186.3,63.8,14.0,0.0979020979020979,8.0,77.8,81.5,57.7,143.0,129.0,90.2
Ivo Karlovic,Grass,198.5,185.2,70.2,19.0,0.0683453237410072,12.0,77.4,83.3,65.3,278.0,259.0,93.2
Ivo Karlovic,Hard,202.3,183.2,64.8,29.0,0.11885245901639344,12.0,75.5,81.3,64.9,244.0,215.0,88.1
Jack Sock,Clay,186.9,159.1,53.4,42.0,0.22826086956521738,11.0,67.2,73.7,56.4,184.0,142.0,77.2
Jack Sock,Grass,187.9,165.3,59.3,22.0,0.12290502793296089,9.0,72.6,76.1,66.0,179.0,157.0,87.7
Jack Sock,Hard,184.3,163.7,60.8,80.0,0.1937046004842615,24.0,76.2,74.9,62.1,413.0,333.0,80.6
Janko Tipsarevic,Clay,184.3,151.6,49.5,34.0,0.2073170731707317,10.0,72.1,64.3,51.1,164.0,130.0,79.3
Janko Tipsarevic,Grass,185.9,147.3,55.4,23.0,0.2,8.0,58.8,53.9,46.5,115.0,92.0,80.0
Janko Tipsarevic,Hard,182.5,143.5,52.3,67.0,0.1717948717948718,21.0,76.0,81.0,59.5,390.0,323.0,82.8
Jeremy Chardy,Clay,191.3,154.1,64.6,57.0,0.22178988326848248,16.0,73.3,73.0,55.5,257.0,200.0,77.8
Jeremy Chardy,Grass,192.6,164.2,64.0,43.0,0.16996047430830039,13.0,69.9,78.1,55.4,253.0,210.0,83.0
Jeremy Chardy,Hard,191.7,160.9,60.4,87.0,0.25217391304347825,20.0,70.3,71.8,54.9,345.0,258.0,74.8
Jerzy Janowicz,Clay,193.8,165.6,61.8,22.0,0.2,6.0,61.6,74.0,56.7,110.0,88.0,80.0
Jerzy Janowicz,Grass,190.6,156.4,58.9,32.0,0.11469534050179211,14.0,77.4,79.4,58.7,279.0,247.0,88.5
Jerzy Janowicz,Hard,195.5,157.4,62.5,69.0,0.23958333333333334,15.0,65.3,68.8,59.2,288.0,219.0,76.0
Jo Wilfried Tsonga,Clay,185.7,145.2,64.4,74.0,0.16481069042316257,27.0,75.2,76.3,54.0,449.0,375.0,83.5
Jo Wilfried Tsonga,Grass,189.7,151.4,65.8,44.0,0.08163265306122448,28.0,80.7,82.7,60.5,539.0,495.0,91.8
Jo Wilfried Tsonga,Hard,191.2,144.9,59.2,101.0,0.12438423645320197,48.0,76.7,80.8,60.3,812.0,711.0,87.6
Joao Sousa,Clay,178.7,145.7,59.6,28.0,0.345679012345679,6.0,61.0,68.3,42.9,81.0,53.0,65.4
Joao Sousa,Grass,184.3,151.6,69.6,28.0,0.21052631578947367,7.0,69.4,73.2,51.4,133.0,105.0,78.9
Joao Sousa,Hard,180.2,144.6,62.9,65.0,0.28634361233480177,13.0,73.3,68.4,52.0,227.0,162.0,71.4
John Isner,Clay,197.7,172.4,68.0,42.0,0.10552763819095477,18.0,78.1,77.5,58.8,398.0,356.0,89.4
John Isner,Grass,203.5,181.4,74.6,25.0,0.054945054945054944,20.0,82.4,83.8,63.0,455.0,430.0,94.5
John Isner,Hard,201.9,173.8,68.6,66.0,0.07630057803468208,43.0,80.2,82.9,65.7,865.0,799.0,92.4
Juan Martin Del Potro,Clay,184.3,151.6,65.7,33.0,0.19411764705882353,10.0,73.8,75.1,55.3,170.0,137.0,80.6
Juan Martin Del Potro,Grass,193.5,161.4,64.9,47.0,0.10904872389791183,24.0,84.3,79.2,59.9,431.0,384.0,89.1
Juan Martin Del Potro,Hard,191.9,151.6,64.0,95.0,0.1445966514459665,39.0,80.5,78.4,58.9,657.0,562.0,85.5
Juan Monaco,Clay,160.1,139.1,74.6,43.0,0.2792207792207792,9.0,63.9,56.4,53.7,154.0,111.0,72.1
Juan Monaco,Grass,171.4,152.0,73.5,26.0,0.19402985074626866,8.0,63.8,67.1,59.2,134.0,108.0,80.6
Juan Monaco,Hard,167.5,142.3,69.4,61.0,0.3465909090909091,10.0,73.9,61.0,55.9,176.0,115.0,65.3
Julien Benneteau,Clay,189.0,150.7,61.7,36.0,0.1978021978021978,9.0,75.0,72.2,57.9,182.0,146.0,80.2
Julien Benneteau,Grass,188.0,158.4,63.0,41.0,0.22162162162162163,10.0,67.4,72.2,60.8,185.0,144.0,77.8
Julien Benneteau,Hard,182.8,150.0,60.1,82.0,0.24188790560471976,18.0,72.7,69.5,54.0,339.0,257.0,75.8
Kei Nishikori,Clay,178.3,142.0,58.8,84.0,0.25225225225225223,20.0,69.2,72.4,53.9,333.0,249.0,74.8
Kei Nishikori,Grass,174.0,142.8,65.8,52.0,0.14689265536723164,20.0,72.5,72.5,64.0,354.0,302.0,85.3
Kei Nishikori,Hard,173.4,139.9,59.3,164.0,0.18303571428571427,52.0,72.8,73.5,61.9,896.0,732.0,81.7
Kevin Anderson,Clay,196.4,169.0,63.7,41.0,0.15185185185185185,16.0,71.1,75.0,55.4,270.0,229.0,84.8
Kevin Anderson,Grass,200.1,174.1,66.0,58.0,0.11507936507936507,23.0,81.3,82.5,61.1,504.0,446.0,88.5
Kevin Anderson,Hard,198.5,167.4,64.7,91.0,0.1385083713850837,36.0,79.9,78.7,60.9,657.0,566.0,86.1
Kyle Edmund,Clay,184.4,143.7,58.9,19.0,0.1623931623931624,6.0,75.3,75.4,57.6,117.0,98.0,83.8
Kyle Edmund,Grass,186.4,158.2,60.3,33.0,0.2391304347826087,9.0,77.8,73.3,56.9,138.0,105.0,76.1
Kyle Edmund,Hard,179.4,132.9,57.8,34.0,0.2,11.0,75.6,73.1,55.0,170.0,136.0,80.0
Leonardo Mayer,Clay,184.3,151.6,60.4,45.0,0.25862068965517243,10.0,69.7,69.2,57.7,174.0,129.0,74.1
Leonardo Mayer,Grass,192.7,169.5,63.0,25.0,0.13089005235602094,10.0,64.9,77.2,60.3,191.0,166.0,86.9
Leonardo Mayer,Hard,190.7,164.7,60.5,56.0,0.2692307692307692,13.0,73.3,68.7,58.5,208.0,152.0,73.1
Lleyton Hewitt,Clay,163.2,129.1,51.8,23.0,0.3770491803278688,3.0,73.1,65.5,53.2,61.0,38.0,62.3
Lleyton Hewitt,Grass,164.3,136.0,57.4,35.0,0.2046783625730994,8.0,78.1,71.0,52.6,171.0,136.0,79.5
Lleyton Hewitt,Hard,165.3,137.0,53.1,102.0,0.2457831325301205,21.0,69.4,68.8,57.2,415.0,313.0,75.4
Lucas Pouille,Clay,187.2,159.9,55.9,44.0,0.2875816993464052,9.0,67.5,66.7,51.6,153.0,109.0,71.2
Lucas Pouille,Grass,190.5,158.3,58.1,33.0,0.16336633663366337,10.0,73.3,77.0,56.8,202.0,169.0,83.7
Lucas Pouille,Hard,185.9,149.9,54.9,56.0,0.21455938697318008,13.0,70.9,72.3,58.5,261.0,205.0,78.5
Marcel Granollers,Clay,187.3,145.4,65.3,55.0,0.2736318407960199,12.0,67.5,70.6,54.7,201.0,146.0,72.6
Marcel Granollers,Grass,190.5,151.5,65.4,28.0,0.18064516129032257,8.0,67.3,70.1,57.4,155.0,127.0,81.9
Marcel Granollers,Hard,191.5,146.5,57.9,71.0,0.3256880733944954,14.0,67.7,66.3,55.9,218.0,147.0,67.4
Marcos Baghdatis,Clay,180.5,129.5,48.7,32.0,0.19631901840490798,9.0,78.4,73.2,54.8,163.0,131.0,80.4
Marcos Baghdatis,Grass,188.0,155.5,55.9,55.0,0.1936619718309859,16.0,80.0,76.7,58.4,284.0,229.0,80.6
Marcos Baghdatis,Hard,183.9,145.8,50.5,104.0,0.232662192393736,26.0,73.2,73.1,53.4,447.0,343.0,76.7
Marin Cilic,Clay,194.8,149.1,56.6,48.0,0.17712177121771217,19.0,75.4,77.9,57.9,271.0,223.0,82.3
Marin Cilic,Grass,193.3,157.0,61.9,60.0,0.11009174311926606,28.0,79.7,83.1,56.9,545.0,485.0,89.0
Marin Cilic,Hard,190.0,147.5,55.1,127.0,0.15954773869346733,44.0,73.9,80.3,58.7,796.0,669.0,84.0
Mikhail Kukushkin,Clay,167.8,130.0,69.4,29.0,0.27884615384615385,6.0,73.6,64.0,53.6,104.0,75.0,72.1
Mikhail Kukushkin,Grass,179.8,147.4,66.2,36.0,0.2155688622754491,10.0,70.0,69.4,54.9,167.0,131.0,78.4
Mikhail Kukushkin,Hard,176.4,133.9,55.1,67.0,0.3489583333333333,10.0,69.0,67.9,49.8,192.0,125.0,65.1
Mikhail Youzhny,Clay,173.4,149.0,65.0,44.0,0.2875816993464052,10.0,65.9,61.4,37.9,153.0,109.0,71.2
Mikhail Youzhny,Grass,176.9,152.9,65.4,62.0,0.18235294117647058,18.0,70.4,68.8,59.2,340.0,278.0,81.8
Mikhail Youzhny,Hard,169.7,150.6,58.1,64.0,0.25806451612903225,14.0,71.5,63.4,54.0,248.0,184.0,74.2
Milos Raonic,Clay,199.2,166.7,64.0,40.0,0.13937282229965156,17.0,76.9,79.7,59.7,287.0,247.0,86.1
Milos Raonic,Grass,200.4,171.1,67.4,35.0,0.0626118067978533,30.0,80.1,82.8,67.7,559.0,524.0,93.7
Milos Raonic,Hard,200.5,172.5,62.8,91.0,0.1047180667433832,46.0,78.7,81.5,66.1,869.0,778.0,89.5
Nick Kyrgios,Clay,191.8,153.6,68.1,30.0,0.2222222222222222,9.0,79.6,71.2,60.6,135.0,105.0,77.8
Nick Kyrgios,Grass,196.4,169.7,68.8,39.0,0.11504424778761062,17.0,81.0,75.7,61.6,339.0,300.0,88.5
Nick Kyrgios,Hard,196.7,161.2,63.1,70.0,0.1545253863134658,24.0,77.3,76.2,61.9,453.0,383.0,84.5
Nicolas Almagro,Clay,185.9,154.0,59.1,48.0,0.1791044776119403,16.0,75.1,67.1,53.6,268.0,220.0,82.1
Nicolas Almagro,Grass,192.3,164.6,59.1,22.0,0.11702127659574468,10.0,73.1,69.5,62.9,188.0,166.0,88.3
Nicolas Almagro,Hard,193.3,148.9,54.0,79.0,0.18414918414918416,23.0,76.3,72.4,54.5,429.0,350.0,81.6
Nicolas Mahut,Clay,185.6,147.7,59.5,51.0,0.28651685393258425,10.0,63.7,66.1,47.5,178.0,127.0,71.3
Nicolas Mahut,Grass,184.3,151.6,63.3,31.0,0.18235294117647058,10.0,70.6,74.1,53.7,170.0,139.0,81.8
Nicolas Mahut,Hard,183.5,148.7,59.0,71.0,0.2795275590551181,16.0,67.5,69.3,55.8,254.0,183.0,72.0
Novak Djokovic,Clay,180.7,145.4,67.3,110.0,0.15942028985507245,43.0,76.6,71.3,61.6,690.0,580.0,84.1
Novak Djokovic,Grass,184.8,153.9,69.5,72.0,0.08856088560885608,49.0,82.6,77.7,63.3,813.0,741.0,91.1
Novak Djokovic,Hard,183.6,149.6,64.2,176.0,0.12429378531073447,89.0,79.9,76.9,65.5,1416.0,1240.0,87.6
Paolo Lorenzi,Clay,184.3,151.6,61.6,16.0,0.2191780821917808,4.0,89.8,73.8,53.8,73.0,57.0,78.1
Paolo Lorenzi,Grass,186.4,146.1,60.3,29.0,0.20714285714285716,7.0,65.9,70.8,52.3,140.0,111.0,79.3
Paolo Lorenzi,Hard,183.9,140.0,56.6,75.0,0.2862595419847328,16.0,73.3,72.6,55.8,262.0,187.0,71.4
Philipp Kohlschreiber,Clay,172.1,147.0,59.4,44.0,0.2018348623853211,12.0,72.4,74.1,59.8,218.0,174.0,79.8
Philipp Kohlschreiber,Grass,181.9,155.7,63.6,27.0,0.12796208530805686,12.0,76.0,73.0,64.6,211.0,184.0,87.2
Philipp Kohlschreiber,Hard,179.0,148.0,60.3,80.0,0.15841584158415842,31.0,74.4,74.0,58.1,505.0,425.0,84.2
Rafael Nadal,Clay,173.7,139.8,66.7,80.0,0.1353637901861252,41.0,80.0,72.6,68.1,591.0,511.0,86.5
Rafael Nadal,Grass,186.5,160.9,68.6,54.0,0.1148936170212766,25.0,81.9,74.5,65.6,470.0,416.0,88.5
Rafael Nadal,Hard,179.5,149.4,67.4,150.0,0.14218009478672985,66.0,78.1,74.2,62.6,1055.0,905.0,85.8
Richard Gasquet,Clay,175.5,147.7,60.7,69.0,0.16159250585480095,26.0,75.2,71.5,55.8,427.0,358.0,83.8
Richard Gasquet,Grass,175.5,148.1,61.2,52.0,0.13131313131313133,22.0,78.1,77.8,58.1,396.0,344.0,86.9
Richard Gasquet,Hard,177.2,142.1,62.2,126.0,0.1767180925666199,45.0,73.9,73.2,59.4,713.0,587.0,82.3
Roberto Bautista Agut,Clay,171.6,148.7,66.6,41.0,0.2662337662337662,10.0,68.4,65.6,56.1,154.0,113.0,73.4
Roberto Bautista Agut,Grass,172.6,147.5,71.3,47.0,0.20614035087719298,14.0,69.8,68.3,57.0,228.0,181.0,79.4
Roberto Bautista Agut,Hard,171.0,144.1,64.8,77.0,0.21388888888888888,20.0,79.3,71.3,55.6,360.0,283.0,78.6
Robin Haase,Clay,187.5,152.9,62.2,25.0,0.20833333333333334,8.0,75.1,69.3,55.0,120.0,95.0,79.2
Robin Haase,Grass,184.2,160.6,61.2,45.0,0.1965065502183406,12.0,68.5,72.0,52.5,229.0,184.0,80.3
Robin Haase,Hard,183.0,150.9,58.1,76.0,0.3470319634703196,12.0,72.5,70.4,48.4,219.0,143.0,65.3
Roger Federer,Clay,184.3,151.6,65.6,64.0,0.1394335511982571,27.0,78.8,76.5,65.9,459.0,395.0,86.1
Roger Federer,Grass,185.9,159.1,66.6,44.0,0.056338028169014086,46.0,84.8,83.4,65.9,781.0,737.0,94.4
Roger Federer,Hard,186.5,154.9,62.7,141.0,0.11370967741935484,75.0,79.4,79.9,60.2,1240.0,1099.0,88.6
Ryan Harrison,Clay,184.3,151.6,49.5,25.0,0.3048780487804878,4.0,72.1,64.4,52.5,82.0,57.0,69.5
Ryan Harrison,Grass,198.1,161.4,58.8,30.0,0.18518518518518517,9.0,71.6,76.8,52.8,162.0,132.0,81.5
Ryan Harrison,Hard,191.9,166.0,54.8,78.0,0.2878228782287823,16.0,70.8,71.9,53.4,271.0,193.0,71.2
Sam Querrey,Clay,201.3,152.5,58.8,40.0,0.21052631578947367,11.0,69.1,75.3,46.6,190.0,150.0,78.9
Sam Querrey,Grass,196.4,155.2,61.7,49.0,0.10492505353319058,21.0,80.5,83.3,58.5,467.0,418.0,89.5
Sam Querrey,Hard,197.5,151.2,57.1,79.0,0.15019011406844107,29.0,77.1,79.8,59.5,526.0,447.0,85.0
Santiago Giraldo,Clay,184.3,151.6,60.1,31.0,0.3069306930693069,6.0,56.0,66.3,44.1,101.0,70.0,69.3
Santiago Giraldo,Grass,181.9,149.1,69.5,26.0,0.1897810218978102,7.0,76.8,70.7,54.5,137.0,111.0,81.0
Santiago Giraldo,Hard,184.3,151.6,57.6,71.0,0.3242009132420091,13.0,62.4,69.9,50.1,219.0,148.0,67.6
Sergiy Stakhovsky,Clay,181.6,151.2,63.0,35.0,0.3153153153153153,7.0,69.0,66.1,52.0,111.0,76.0,68.5
Sergiy Stakhovsky,Grass,184.7,164.1,63.1,43.0,0.17695473251028807,14.0,69.1,76.3,57.5,243.0,200.0,82.3
Sergiy Stakhovsky,Hard,183.7,153.3,59.1,41.0,0.36936936936936937,7.0,67.3,63.9,51.7,111.0,70.0,63.1
Stanislas Wawrinka,Clay,186.7,151.0,57.2,78.0,0.13131313131313133,32.0,76.1,73.1,63.5,594.0,516.0,86.9
Stanislas Wawrinka,Grass,193.3,158.8,59.8,48.0,0.1415929203539823,18.0,75.7,80.3,60.4,339.0,291.0,85.8
Stanislas Wawrinka,Hard,187.3,152.3,57.6,166.0,0.14285714285714285,63.0,78.4,77.0,61.1,1162.0,996.0,85.7
Steve Johnson,Clay,187.3,155.5,57.4,30.0,0.2112676056338028,7.0,73.1,69.9,53.8,142.0,112.0,78.9
Steve Johnson,Grass,186.5,159.0,62.9,34.0,0.1574074074074074,11.0,71.3,74.1,57.8,216.0,182.0,84.3
Steve Johnson,Hard,187.6,154.3,58.9,66.0,0.1875,19.0,76.0,75.3,57.9,352.0,286.0,81.2
Tomas Berdych,Clay,193.9,158.6,58.1,57.0,0.15159574468085107,21.0,73.3,76.3,58.0,376.0,319.0,84.8
Tomas Berdych,Grass,192.3,160.9,62.1,55.0,0.11044176706827309,28.0,80.4,81.0,58.5,498.0,443.0,89.0
Tomas Berdych,Hard,194.1,154.8,56.7,125.0,0.13455328310010764,59.0,78.8,79.3,58.6,929.0,804.0,86.5
Tommy Haas,Clay,184.3,151.6,66.7,20.0,0.19607843137254902,7.0,73.1,91.7,83.3,102.0,82.0,80.4
Tommy Haas,Grass,171.6,150.7,66.3,22.0,0.1746031746031746,7.0,58.7,72.2,54.5,126.0,104.0,82.5
Tommy Haas,Hard,171.6,155.0,58.0,54.0,0.2523364485981308,12.0,72.7,59.0,67.8,214.0,160.0,74.8
Tommy Robredo,Clay,169.0,147.7,66.7,37.0,0.21022727272727273,9.0,77.7,72.4,66.4,176.0,139.0,79.0
Tommy Robredo,Grass,175.2,144.0,67.7,22.0,0.18803418803418803,7.0,73.1,73.2,52.5,117.0,95.0,81.2
Tommy Robredo,Hard,184.3,151.6,65.6,55.0,0.16176470588235295,19.0,76.5,74.8,63.5,340.0,285.0,83.8
Viktor Troicki,Clay,185.2,134.7,58.8,55.0,0.21484375,14.0,72.0,73.4,48.3,256.0,201.0,78.5
Viktor Troicki,Grass,186.1,159.9,62.7,34.0,0.17258883248730963,12.0,64.3,73.4,64.3,197.0,163.0,82.7
Viktor Troicki,Hard,187.2,143.8,61.2,80.0,0.24390243902439024,18.0,71.4,70.6,52.7,328.0,248.0,75.6
